{"image_id":{"0":"frame_0","1":"frame_12","2":"frame_24","3":"frame_36","4":"frame_48","5":"frame_60","6":"frame_72","7":"frame_84","8":"frame_96","9":"frame_108","10":"frame_120","11":"frame_132","12":"frame_144","13":"frame_156","14":"frame_168","15":"frame_180","16":"frame_192","17":"frame_204","18":"frame_216","19":"frame_228","20":"frame_240","21":"frame_252","22":"frame_264","23":"frame_276","24":"frame_288","25":"frame_300","26":"frame_312","27":"frame_324","28":"frame_336","29":"frame_348","30":"frame_360","31":"frame_372","32":"frame_384","33":"frame_396","34":"frame_408","35":"frame_420","36":"frame_432","37":"frame_444","38":"frame_456","39":"frame_468","40":"frame_480","41":"frame_492","42":"frame_504","43":"frame_516","44":"frame_528","45":"frame_540","46":"frame_552","47":"frame_564","48":"frame_576","49":"frame_588"},"person_count":{"0":14,"1":13,"2":14,"3":14,"4":13,"5":13,"6":12,"7":11,"8":12,"9":11,"10":12,"11":12,"12":14,"13":10,"14":12,"15":15,"16":13,"17":13,"18":14,"19":16,"20":12,"21":9,"22":9,"23":12,"24":8,"25":9,"26":11,"27":9,"28":9,"29":12,"30":10,"31":9,"32":10,"33":10,"34":9,"35":10,"36":9,"37":11,"38":10,"39":10,"40":9,"41":10,"42":10,"43":10,"44":10,"45":8,"46":9,"47":12,"48":10,"49":11},"clusters_count":{"0":2,"1":1,"2":1,"3":2,"4":3,"5":3,"6":2,"7":0,"8":1,"9":1,"10":1,"11":1,"12":1,"13":2,"14":3,"15":4,"16":2,"17":2,"18":2,"19":4,"20":2,"21":1,"22":1,"23":3,"24":2,"25":2,"26":2,"27":2,"28":2,"29":3,"30":3,"31":3,"32":3,"33":2,"34":2,"35":4,"36":1,"37":3,"38":4,"39":3,"40":2,"41":2,"42":1,"43":2,"44":3,"45":2,"46":3,"47":3,"48":3,"49":4},"social_distancing_compliance":{"0":0.4285714286,"1":0.5384615385,"2":0.2142857143,"3":0.2142857143,"4":0.0769230769,"5":0.1538461538,"6":0.1666666667,"7":0.0909090909,"8":0.3333333333,"9":0.1818181818,"10":0.1666666667,"11":0.1666666667,"12":0.2142857143,"13":0.1,"14":0.1666666667,"15":0.0666666667,"16":0.0769230769,"17":0.0769230769,"18":0.2142857143,"19":0.125,"20":0.25,"21":0.1111111111,"22":0.3333333333,"23":0.0833333333,"24":0.25,"25":0.2222222222,"26":0.1818181818,"27":0.2222222222,"28":0.2222222222,"29":0.3333333333,"30":0.3,"31":0.1111111111,"32":0.2,"33":0.1,"34":0.3333333333,"35":0.2,"36":0.2222222222,"37":0.0909090909,"38":0.2,"39":0.1,"40":0.2222222222,"41":0.1,"42":0.2,"43":0.2,"44":0.2,"45":0.25,"46":0.1111111111,"47":0.1666666667,"48":0.2,"49":0.0909090909},"mask_count":{"0":2,"1":1,"2":1,"3":2,"4":2,"5":2,"6":2,"7":2,"8":2,"9":1,"10":2,"11":3,"12":2,"13":2,"14":3,"15":2,"16":0,"17":4,"18":2,"19":2,"20":5,"21":5,"22":4,"23":4,"24":1,"25":3,"26":4,"27":1,"28":3,"29":3,"30":2,"31":1,"32":1,"33":0,"34":0,"35":3,"36":5,"37":2,"38":3,"39":1,"40":3,"41":5,"42":2,"43":2,"44":1,"45":1,"46":3,"47":1,"48":3,"49":2},"mask_proportions":{"0":0.1428571429,"1":0.0769230769,"2":0.0714285714,"3":0.1428571429,"4":0.1538461538,"5":0.1538461538,"6":0.1666666667,"7":0.1818181818,"8":0.1666666667,"9":0.0909090909,"10":0.1666666667,"11":0.25,"12":0.1428571429,"13":0.2,"14":0.25,"15":0.1333333333,"16":0.0,"17":0.3076923077,"18":0.1428571429,"19":0.125,"20":0.4166666667,"21":0.5555555556,"22":0.4444444444,"23":0.3333333333,"24":0.125,"25":0.3333333333,"26":0.3636363636,"27":0.1111111111,"28":0.3333333333,"29":0.25,"30":0.2,"31":0.1111111111,"32":0.1,"33":0.0,"34":0.0,"35":0.3,"36":0.5555555556,"37":0.1818181818,"38":0.3,"39":0.1,"40":0.3333333333,"41":0.5,"42":0.2,"43":0.2,"44":0.1,"45":0.125,"46":0.3333333333,"47":0.0833333333,"48":0.3,"49":0.1818181818},"standing_count":{"0":10,"1":10,"2":8,"3":9,"4":8,"5":10,"6":9,"7":10,"8":9,"9":10,"10":10,"11":10,"12":10,"13":6,"14":11,"15":8,"16":10,"17":9,"18":7,"19":9,"20":6,"21":8,"22":6,"23":7,"24":7,"25":6,"26":7,"27":7,"28":6,"29":10,"30":8,"31":8,"32":7,"33":9,"34":8,"35":10,"36":9,"37":9,"38":7,"39":9,"40":8,"41":10,"42":7,"43":8,"44":7,"45":6,"46":9,"47":8,"48":7,"49":9},"sitting_count":{"0":4,"1":3,"2":6,"3":5,"4":5,"5":3,"6":3,"7":1,"8":3,"9":1,"10":2,"11":2,"12":4,"13":4,"14":1,"15":7,"16":3,"17":4,"18":7,"19":7,"20":6,"21":1,"22":3,"23":5,"24":1,"25":3,"26":4,"27":2,"28":3,"29":2,"30":2,"31":1,"32":3,"33":1,"34":1,"35":0,"36":0,"37":2,"38":3,"39":1,"40":1,"41":0,"42":3,"43":2,"44":3,"45":2,"46":0,"47":4,"48":3,"49":2},"standing_proportions":{"0":0.7142857143,"1":0.7692307692,"2":0.5714285714,"3":0.6428571429,"4":0.6153846154,"5":0.7692307692,"6":0.75,"7":0.9090909091,"8":0.75,"9":0.9090909091,"10":0.8333333333,"11":0.8333333333,"12":0.7142857143,"13":0.6,"14":0.9166666667,"15":0.5333333333,"16":0.7692307692,"17":0.6923076923,"18":0.5,"19":0.5625,"20":0.5,"21":0.8888888889,"22":0.6666666667,"23":0.5833333333,"24":0.875,"25":0.6666666667,"26":0.6363636364,"27":0.7777777778,"28":0.6666666667,"29":0.8333333333,"30":0.8,"31":0.8888888889,"32":0.7,"33":0.9,"34":0.8888888889,"35":1.0,"36":1.0,"37":0.8181818182,"38":0.7,"39":0.9,"40":0.8888888889,"41":1.0,"42":0.7,"43":0.8,"44":0.7,"45":0.75,"46":1.0,"47":0.6666666667,"48":0.7,"49":0.8181818182},"frame_H":{"0":3.7914932503,"1":3.7718567273,"2":4.6937153889,"3":4.740568023,"4":4.9664127156,"5":5.2870214897,"6":5.4336789608,"7":6.1187750864,"8":6.4919288996,"9":6.4832000204,"10":6.9270977397,"11":6.9188165175,"12":6.9188165175,"13":7.134479659,"14":7.1807808962,"15":7.1293378868,"16":7.1548059053,"17":7.1303646974,"18":7.3441864662,"19":7.3667598672,"20":7.3667598672,"21":7.202467453,"22":7.3971495752,"23":7.4036287761,"24":7.2357104958,"25":7.1097843483,"26":7.0130945945,"27":7.0130945945,"28":7.1158698889,"29":7.0187298712,"30":6.881920376,"31":6.8478968935,"32":6.7650795406,"33":6.6465740777,"34":6.5413697214,"35":6.5993724063,"36":6.6003131476,"37":6.5914736664,"38":6.5574467458,"39":6.5268205976,"40":6.4665122031,"41":6.5488990549,"42":6.5488990549,"43":6.5813740871,"44":6.6338721132,"45":6.5551971892,"46":6.5551971892,"47":6.5818519353,"48":6.5606086168,"49":6.5930121786},"frame_theta":{"0":0.4720689344,"1":0.4325477266,"2":0.5044230149,"3":0.5251672735,"4":0.5167467921,"5":0.4962379485,"6":0.4871264454,"7":0.4959775967,"8":0.5025719516,"9":0.4912613532,"10":0.5017218063,"11":0.505054227,"12":0.505054227,"13":0.5116218505,"14":0.5112415323,"15":0.5135355539,"16":0.523336075,"17":0.5189477987,"18":0.5269897174,"19":0.5364629221,"20":0.5364629221,"21":0.5305891552,"22":0.540483428,"23":0.5425453255,"24":0.5344009964,"25":0.5326407963,"26":0.5431671959,"27":0.5431671959,"28":0.5577397166,"29":0.5695140801,"30":0.5700593367,"31":0.5700988782,"32":0.5670085725,"33":0.5641570759,"34":0.5608169441,"35":0.5616855408,"36":0.5525543049,"37":0.5518990357,"38":0.5483883285,"39":0.5467760356,"40":0.5421018058,"41":0.5438827387,"42":0.5438827387,"43":0.5445050968,"44":0.5443628198,"45":0.541549836,"46":0.541549836,"47":0.5414246239,"48":0.5396290558,"49":0.5391553078},"frame_f":{"0":437.3433426504,"1":449.2944877287,"2":603.9418228305,"3":583.8495681044,"4":626.5575743504,"5":705.2785120997,"6":742.7718978707,"7":832.5627049358,"8":869.8077595334,"9":880.1585510049,"10":927.4438957972,"11":927.533055469,"12":927.533055469,"13":950.1745999712,"14":966.6534691705,"15":947.1867240679,"16":951.6418324599,"17":965.4215825784,"18":986.4395164127,"19":983.4329333068,"20":983.4329333068,"21":959.4951775559,"22":981.5479275717,"23":983.4589806787,"24":963.897878137,"25":952.0724959788,"26":931.9996599084,"27":931.9996599084,"28":945.0845206463,"29":927.8295551412,"30":910.766488327,"31":906.3971934317,"32":895.5734852193,"33":881.0129629653,"34":867.4716742119,"35":875.5736846997,"36":872.317744117,"37":871.0440092993,"38":870.2577794269,"39":864.5207570108,"40":858.4949267277,"41":864.6928744274,"42":864.6928744274,"43":866.0087324403,"44":871.6139062912,"45":861.5320842191,"46":861.5320842191,"47":864.2103831208,"48":862.7607118821,"49":866.0490672897},"frame_dim_x":{"0":1024,"1":1024,"2":1024,"3":1024,"4":1024,"5":1024,"6":1024,"7":1024,"8":1024,"9":1024,"10":1024,"11":1024,"12":1024,"13":1024,"14":1024,"15":1024,"16":1024,"17":1024,"18":1024,"19":1024,"20":1024,"21":1024,"22":1024,"23":1024,"24":1024,